Team,ERA,AVG,W_Rate
KT,4.125193,0.27311283,0.56973233940226
WO,4.3984013,0.28431866,0.55319080958119
NC,5.339155,0.29732722,0.5433476084993074
SS,4.3566413,0.27055964,0.5128494654420827
OB,6.1700983,0.29195195,0.4741435538769488
LG,5.131907,0.26934135,0.47063474352906143
LT,5.147645,0.2715351,0.4673173620323451
HT,4.917427,0.25589252,0.4451304178345338
SK,5.1351194,0.26533544,0.3995335686644996
HH,4.9871426,0.24983662,0.37790596657230197
